{
  "trained_at": "2026-04-04T21:14:52.695610",
  "dataset": "crm_database",
  "source_file": "MySQL cod_crm.orders",
  "total_orders": 6042,
  "delivery_rate": 0.8274,
  "risk_prediction": {
    "threshold_strategy": "youden_j",
    "operational_policy": {
      "objective": "minimize_failed_deliveries_cod",
      "action_policy": "auto_approve_vs_manual_review",
      "selection_mode": "target_precision",
      "target_delivered_precision": 0.93,
      "min_auto_approve_rate": 0.2,
      "auto_approve_threshold": 0.9377016419253213,
      "estimated_auto_approve_rate": 0.313953488372093,
      "estimated_failure_escape_rate": 0.12745098039215685,
      "estimated_delivered_precision": 0.9312169312169312,
      "estimated_delivered_recall": 0.352
    },
    "models": {
      "catboost": {
        "auc_roc": 0.7118725490196078,
        "accuracy": 0.7383720930232558,
        "precision": 0.895040369088812,
        "recall": 0.776,
        "f1_score": 0.8312801285484734
      },
      "lightgbm": {
        "auc_roc": 0.7311372549019607,
        "accuracy": 0.7599667774086378,
        "precision": 0.9016949152542373,
        "recall": 0.798,
        "f1_score": 0.846684350132626
      },
      "xgboost": {
        "auc_roc": 0.7157450980392156,
        "accuracy": 0.7890365448504983,
        "precision": 0.8909853249475891,
        "recall": 0.85,
        "f1_score": 0.8700102354145343
      },
      "ensemble": {
        "auc_roc": 0.7400980392156863,
        "accuracy": 0.7583056478405316,
        "precision": 0.9014722536806342,
        "recall": 0.796,
        "f1_score": 0.8454593733404142
      }
    },
    "optimal_threshold": 0.8534190941552318,
    "model_thresholds": {
      "catboost": 0.8181540093110515,
      "lightgbm": 0.8178433644878498,
      "xgboost": 0.8728042244911194,
      "ensemble": 0.8534190941552318
    },
    "ensemble_weights": {
      "catboost": 0.3297607099226588,
      "lightgbm": 0.3386846993319497,
      "xgboost": 0.33155459074539156
    },
    "confusion_matrix_default": {
      "threshold": 0.5,
      "tn": 48,
      "fp": 156,
      "fn": 3,
      "tp": 997
    },
    "confusion_matrix_optimal": {
      "threshold": 0.8534190941552318,
      "tn": 117,
      "fp": 87,
      "fn": 204,
      "tp": 796
    },
    "per_class_metrics": {
      "at_default_050": {
        "failed": {
          "precision": 0.9412,
          "recall": 0.2353,
          "f1": 0.3765
        },
        "delivered": {
          "precision": 0.8647,
          "recall": 0.997,
          "f1": 0.9261
        }
      },
      "at_optimal": {
        "failed": {
          "precision": 0.3645,
          "recall": 0.5735,
          "f1": 0.4457
        },
        "delivered": {
          "precision": 0.9015,
          "recall": 0.796,
          "f1": 0.8455
        }
      }
    },
    "dataset": {
      "total_samples": 6017,
      "train_samples": 5325,
      "test_samples": 1204,
      "positive_rate": 0.8308126973574871,
      "original_orders": 6042,
      "clean_orders": 6017,
      "failure_rate": 0.16918730264251292
    },
    "features": [
      "hour_of_day",
      "day_of_week",
      "month",
      "is_weekend",
      "day_of_month",
      "quarter",
      "order_value",
      "subtotal",
      "shipping_cost",
      "value_to_shipping_ratio",
      "n_items",
      "is_repeat_customer",
      "customer_order_count",
      "customer_avg_order_value",
      "avg_photos",
      "avg_desc_length",
      "avg_name_length",
      "avg_volume",
      "avg_product_weight",
      "region_order_volume",
      "seller_customer_same_state",
      "n_sellers",
      "category_avg_price",
      "category_popularity",
      "estimated_delivery_days"
    ],
    "optimizations": {
      "target": "clean (delivered vs canceled/unavailable)",
      "resampling": "ADASYN ratio=0.3",
      "hyperparameters": "Optuna-tuned (pre-computed)",
      "n_features": 25,
      "lgbm_params": {
        "n_estimators": 1289,
        "max_depth": 12,
        "learning_rate": 0.018,
        "num_leaves": 99,
        "subsample": 0.515,
        "colsample_bytree": 0.423,
        "min_child_samples": 100,
        "reg_alpha": 2.07e-08,
        "reg_lambda": 3.8e-07
      }
    }
  },
  "segmentation": {
    "algorithm": "KMeans",
    "n_clusters": 4,
    "total_customers": 1395,
    "silhouette_score": 0.5066,
    "davies_bouldin_score": 0.655,
    "segments": {
      "At Risk": {
        "count": 431,
        "percentage": 30.9,
        "avg_recency": 552.4,
        "avg_frequency": 1.45,
        "avg_monetary": 18479.4
      },
      "Loyal": {
        "count": 160,
        "percentage": 11.5,
        "avg_recency": 81.2,
        "avg_frequency": 11.92,
        "avg_monetary": 186820.83
      },
      "Regular": {
        "count": 761,
        "percentage": 54.6,
        "avg_recency": 157.0,
        "avg_frequency": 2.84,
        "avg_monetary": 35726.97
      },
      "VIP": {
        "count": 43,
        "percentage": 3.1,
        "avg_recency": 40.2,
        "avg_frequency": 31.37,
        "avg_monetary": 464460.88
      }
    }
  },
  "forecasting": {
    "models_trained": [
      "all",
      "Accessories",
      "Electronics",
      "Clothing"
    ],
    "method": "lightgbm",
    "lightgbm": {
      "mae": 47111.08,
      "rmse": 59129.94
    },
    "baseline_moving_avg": {
      "mae": 48596.84,
      "rmse": 58591.33
    },
    "improvement_mae_pct": 3.1,
    "time_series_days": 802,
    "test_days": 30,
    "features": [
      "day_of_week",
      "month",
      "is_weekend",
      "day_of_month",
      "week_of_year",
      "ramadan",
      "eid_al_fitr",
      "eid_al_adha",
      "mawlid",
      "algerian_holiday",
      "lag_1",
      "lag_7",
      "lag_14",
      "lag_28",
      "rolling_mean_7",
      "rolling_mean_14",
      "rolling_mean_28",
      "rolling_std_7",
      "rolling_std_14",
      "rolling_std_28"
    ],
    "islamic_events": [
      "ramadan",
      "eid_al_fitr",
      "eid_al_adha",
      "mawlid",
      "algerian_holiday"
    ]
  }
}